{
  "baseline": {
    "mae": 56.11127853393555,
    "rmse": 100.26982879638672
  },
  "xgb_mae": {
    "mae": 48.80760897827148,
    "mae_ci95": [
      47.67455863952637,
      49.85969219207764
    ],
    "r2": -0.0606322877407074,
    "r2_ci95": [
      -0.07732593715190887,
      -0.04296382069587708
    ],
    "rmse": 103.24602746595144
  },
  "lgb_l1": {
    "mae": 48.81627715403543,
    "mae_ci95": [
      47.68544719081557,
      49.89664587136633
    ],
    "r2": -0.06688380461115613,
    "r2_ci95": [
      -0.08390761155889861,
      -0.04789731192184883
    ],
    "rmse": 103.56507174344118
  },
  "lgb_quantile_p50": {
    "mae": 48.81627715403543,
    "mae_ci95": [
      47.68544719081557,
      49.89664587136633
    ],
    "r2": -0.06688380461115613,
    "r2_ci95": [
      -0.08390761155889861,
      -0.04789731192184883
    ],
    "picp_80": 0.7923037151931457
  },
  "cat_mae": {
    "mae": 48.789906682160954,
    "mae_ci95": [
      47.65815245365782,
      49.86314245468514
    ],
    "r2": -0.06768999454212377,
    "r2_ci95": [
      -0.08469276291054838,
      -0.050247418023899676
    ],
    "rmse": 103.60204678391062
  },
  "tabpfn_reg": {
    "mae": 51.70755516052246,
    "mae_ci95": [
      50.645858669281004,
      52.80040264129639
    ],
    "r2": 0.005238512396812439,
    "r2_ci95": [
      -0.003369995951652527,
      0.015107882022857656
    ]
  }
}