{
  "task": "arrival_time_regression",
  "task_description": "Predict expected disruption arrival time (continuous) per node, given noisy per-edge lead-times and random source nodes. Non-trivial: requires GNN to learn Dijkstra-like aggregation through the graph.",
  "lead_time_noise_sigma_relative": 0.2,
  "graphs": {
    "easy": {
      "n_nodes": 12,
      "n_edges": 12,
      "gnn_mae": 9.20589906692505,
      "mlp_mae": 17.712093811035157,
      "one_hop_mean_mae": 29.553308786787092,
      "improvement_vs_mlp_pct": 48.0247837147887,
      "improvement_vs_1hop_pct": 68.84985321494395,
      "gnn_loss_curve": [
        983.6469454498291,
        694.3125346450805,
        594.0063958816528,
        548.9563833961487,
        495.32008571624755,
        420.9683524398804,
        364.7742200584412,
        329.68193370532987,
        308.9609826283455,
        305.6601629691124,
        298.6861881341934,
        287.8384048962593,
        303.22127193498613,
        291.6199851961136,
        292.3526881427765,
        286.59378911590574,
        297.95547390937804,
        277.4495716457367,
        278.5004913520813,
        273.5950565481186,
        280.847659828186,
        269.8950548853874,
        268.0327960948944,
        272.2881185493469,
        271.73518936920163,
        266.2893534479141,
        268.7633232383728,
        263.14099113464357,
        261.69743074321747,
        262.2134785709381
      ],
      "gnn_test_mae_curve": [
        15.625262084007263,
        17.273250563144686,
        15.69198014497757,
        15.216868221759796,
        13.83246925830841,
        12.072544195652007,
        12.047622272968292,
        10.346303402781487,
        10.991831306219101,
        9.730522887706757,
        9.387227172255516,
        12.727755947113037,
        10.449746668934822,
        10.917218554019929,
        9.83320654630661,
        11.56927591919899,
        9.640368175506591,
        9.518106588125228,
        9.238331428766251,
        10.004606694579124,
        9.601016719341278,
        10.924803348779678,
        9.062952963709831,
        11.125388493537903,
        8.51151149213314,
        8.760705815553665,
        8.83567961215973,
        8.716645919680595,
        9.704761312007903,
        9.20589906692505
      ],
      "mlp_test_mae_curve": [
        16.517573373317717,
        17.61745592355728,
        17.478831689357758,
        17.963374128341673,
        17.317361807823183,
        17.35558673620224,
        19.272147517204285,
        17.29823645591736,
        18.360565376281738,
        16.33169244527817,
        16.291482293605803,
        20.00996126651764,
        17.24092205762863,
        17.935992388725282,
        18.476314017772676,
        20.500635390281676,
        17.64075089454651,
        19.23261556148529,
        17.159917891025543,
        18.033056726455687,
        17.04588686466217,
        17.51567750453949,
        16.925300316810606,
        19.993932852745058,
        17.863101620674133,
        17.46893537759781,
        17.768136410713197,
        17.399936029911043,
        17.271209075450898,
        17.712093811035157
      ]
    },
    "medium": {
      "n_nodes": 25,
      "n_edges": 29,
      "gnn_mae": 14.05237404346466,
      "mlp_mae": 27.562243633270263,
      "one_hop_mean_mae": 23.25141793220304,
      "improvement_vs_mlp_pct": 49.01585578286486,
      "improvement_vs_1hop_pct": 39.56336734198809,
      "gnn_loss_curve": [
        1455.8575012207032,
        1070.794164489746,
        978.3833621215821,
        878.4453280944824,
        759.8914498443603,
        676.4201901473999,
        592.9840587463378,
        593.9022348022461,
        580.474338684082,
        548.8776502380371,
        535.7356602172852,
        524.7076401443481,
        517.5761855316163,
        503.14428115844726,
        504.31373574829104,
        482.12416637420654,
        491.71681065368654,
        476.0351883163452,
        475.84812075042726,
        469.6501838378906,
        473.09340254211423,
        468.5468386917114,
        457.8393885040283,
        461.61461613464354,
        450.00589713287354,
        444.84376406097414,
        448.23634549713137,
        441.89026587677,
        436.69793469238283,
        434.4493161087036
      ],
      "gnn_test_mae_curve": [
        26.63341254234314,
        23.634564056396485,
        23.186181049346924,
        21.077601199150084,
        21.637806577682497,
        17.98971748828888,
        16.306520526409148,
        17.966433074474335,
        17.40695864200592,
        15.116412845849991,
        15.247849924564362,
        14.415206160545349,
        15.09439873456955,
        14.077203586101533,
        16.387850997447966,
        16.519536385536195,
        15.912737758159638,
        15.685167801380157,
        15.163068435192109,
        15.200627043247223,
        15.001122550964356,
        14.351007792949677,
        15.44103235244751,
        13.403649566173554,
        17.10527836084366,
        14.323340699672698,
        14.384661407470704,
        14.556273880004882,
        13.85397144317627,
        14.05237404346466
      ],
      "mlp_test_mae_curve": [
        27.1725799369812,
        26.40243914604187,
        27.289838228225708,
        26.334666624069214,
        28.48377342224121,
        26.199828100204467,
        29.151524686813353,
        28.400241794586183,
        26.501172218322754,
        27.04287679672241,
        27.969863624572753,
        26.34369418144226,
        28.614215364456175,
        26.348094720840454,
        27.199346466064455,
        26.72101284980774,
        26.492710275650026,
        28.792157373428346,
        25.963287801742553,
        27.035139274597167,
        26.07756766319275,
        27.420557165145873,
        28.615666379928587,
        26.438606796264647,
        26.199908666610717,
        26.585446147918702,
        26.246847848892212,
        26.238035287857056,
        26.170038957595825,
        27.562243633270263
      ]
    },
    "hard": {
      "n_nodes": 40,
      "n_edges": 47,
      "gnn_mae": 10.347342171669005,
      "mlp_mae": 28.483039016723634,
      "one_hop_mean_mae": 16.03428017649916,
      "improvement_vs_mlp_pct": 63.67191659010252,
      "improvement_vs_1hop_pct": 35.46737329166347,
      "gnn_loss_curve": [
        1519.987557739258,
        1021.7450046386718,
        815.2417454833984,
        709.5358395690918,
        634.4188123474121,
        560.8865319213867,
        506.78174713134763,
        475.7871089630127,
        451.54362382507327,
        442.535458694458,
        425.76794429016115,
        416.6028264923096,
        416.2537903900147,
        416.3216004333496,
        405.91741243743894,
        401.3154751739502,
        403.56236766052245,
        399.83712251281736,
        397.13397619628904,
        396.69007269287107,
        389.8687892990112,
        386.671229675293,
        390.19565746307376,
        387.47164192962646,
        384.5350112533569,
        385.34569120025634,
        381.3625469284058,
        380.5953342590332,
        376.2190606918335,
        378.44821893310547
      ],