{
  "task": "reg",
  "n_classes": 0,
  "n_train": 126374,
  "n_val": 27067,
  "n_test": 27078,
  "n_features": 111,
  "models": {
    "xgb": {
      "mae": 54.39718065643311,
      "mae_ci95": [
        53.363134670257566,
        55.42795248031616
      ],
      "r2": 0.016571903347969055,
      "r2_ci95": [
        0.004769191145896912,
        0.027176089584827416
      ]
    },
    "lgb": {
      "mae": 54.299816365914104,
      "mae_ci95": [
        53.30071937551725,
        55.34873326237443
      ],
      "r2": 0.020822080560088253,
      "r2_ci95": [
        0.012664216233404966,
        0.02906744703300413
      ]
    },
    "cat": {
      "mae": 54.3500097604771,
      "mae_ci95": [
        53.338310448499804,
        55.41400126238332
      ],
      "r2": 0.021818232163208325,
      "r2_ci95": [
        0.01590149032603168,
        0.02823132793465153
      ]
    },
    "stack": {
      "mae": 54.1722977702432,
      "mae_ci95": [
        53.172812702667926,
        55.24582163114343
      ],
      "r2": 0.02294199424428546,
      "r2_ci95": [
        0.01404543616549847,
        0.03211575848928134
      ]
    }
  }
}