{
  "task": "clf",
  "n_classes": 4,
  "n_train": 126374,
  "n_val": 27067,
  "n_test": 27078,
  "n_features": 109,
  "models": {
    "xgb": {
      "accuracy": 0.772630401063594,
      "acc_ci95": [
        0.7672649383263166,
        0.7778288647610606
      ],
      "macro_f1": 0.6900021756254755,
      "log_loss": 0.613592267036438
    },
    "lgb": {
      "accuracy": 0.8212509786542581,
      "acc_ci95": [
        0.8170470492650861,
        0.8254865573528326
      ],
      "macro_f1": 0.7762928716966014,
      "log_loss": 0.5422756037385531
    },
    "cat": {
      "accuracy": 0.705829307925253,
      "acc_ci95": [
        0.6998365832040772,
        0.712031907821848
      ],
      "macro_f1": 0.5626184840737578,
      "log_loss": 0.7081059666215576
    },
    "stack": {
      "accuracy": 0.7891050299135829,
      "acc_ci95": [
        0.7845234138414949,
        0.7936018169731885
      ],
      "macro_f1": 0.7138312333984279
    }
  }
}