{
  "task": "clf",
  "n_classes": 2,
  "n_train": 126374,
  "n_val": 27067,
  "n_test": 27078,
  "n_features": 109,
  "models": {
    "xgb": {
      "accuracy": 0.8120853829677228,
      "acc_ci95": [
        0.8075697983602925,
        0.8165669547233917
      ],
      "macro_f1": 0.8119321364194179,
      "auc": 0.9000548185446808,
      "log_loss": 0.4251962192563481
    },
    "lgb": {
      "accuracy": 0.8081223133170841,
      "acc_ci95": [
        0.8037696654110348,
        0.8127280449073049
      ],
      "macro_f1": 0.8081157025439579,
      "auc": 0.9047508416001557,
      "log_loss": 0.42698600274045945
    },
    "cat": {
      "accuracy": 0.7862344338577443,
      "acc_ci95": [
        0.7815006647462884,
        0.7909566807001994
      ],
      "macro_f1": 0.7862208421261251,
      "auc": 0.8819939784570779,
      "log_loss": 0.45554418282557424
    },
    "stack": {
      "accuracy": 0.8078411994977474,
      "acc_ci95": [
        0.8037696654110348,
        0.8124907674126597
      ],
      "macro_f1": 0.8078231937012895,
      "auc": 0.9062950420123981
    }
  }
}