{
  "task": "clf",
  "n_classes": 4,
  "n_train": 126374,
  "n_val": 27067,
  "n_test": 27078,
  "n_features": 104,
  "models": {
    "xgb": {
      "accuracy": 0.6954360735652559,
      "acc_ci95": [
        0.6901155919935003,
        0.7004422409335992
      ],
      "macro_f1": 0.49596213878008466,
      "log_loss": 0.7531747817993164
    },
    "lgb": {
      "accuracy": 0.7408314498855159,
      "acc_ci95": [
        0.7354854494423517,
        0.7455498929019868
      ],
      "macro_f1": 0.607625048023873,
      "log_loss": 0.678551427386306
    },
    "cat": {
      "accuracy": 0.6344204889578254,
      "acc_ci95": [
        0.6292543762463992,
        0.6400592732107246
      ],
      "macro_f1": 0.3169072661753633,
      "log_loss": 0.8733546864164046
    },
    "stack": {
      "accuracy": 0.686699830120393,
      "acc_ci95": [
        0.6813067804121428,
        0.6920008863283846
      ],
      "macro_f1": 0.47282944467505195
    }
  }
}