agent,full_match_accuracy,action_type_accuracy,target_node_accuracy
BC_real_v2,0.34047189354896545,0.8646014332771301,0.35594284534454346
CQL_real_v2,0.3491488993167877,0.8666691184043884,0.3702322542667389
IQL_real_v2,0.00011077059025410563,0.13606321811676025,0.02577262558043003
TD3BC_real_v2,0.00022154118050821126,0.005353912245482206,0.0399143360555172
Federated_real,0.03629583120346069,0.42812833189964294,0.05988996848464012
