{
  "total_experiments": 10,
  "best_overall": {
    "file": "autoresearch_results.json",
    "name": "experiment_003",
    "lr": 0.001,
    "cvar_alpha": 0.5,
    "hidden_dim": 256,
    "grade_reward": true,
    "alert_penalty": 0.0,
    "real_action_bonus": 0.1,
    "gamma": 0.99,
    "n_quantiles": 51,
    "grade_easy": 0.8375666666666667,
    "grade_medium": 0.5267666666666667,
    "grade_hard": 0.6761666666666667,
    "grade_avg": 0.6801666666666667,
    "reward_easy": 1.2535392453116494,
    "training_time_min": 5.9,
    "final_loss": 0.005008007232099772
  },
  "best_per_family": {
    "unknown": {
      "file": "autoresearch_results.json",
      "name": "experiment_003",
      "lr": 0.001,
      "cvar_alpha": 0.5,
      "hidden_dim": 256,
      "grade_reward": true,
      "alert_penalty": 0.0,
      "real_action_bonus": 0.1,
      "gamma": 0.99,
      "n_quantiles": 51,
      "grade_easy": 0.8375666666666667,
      "grade_medium": 0.5267666666666667,
      "grade_hard": 0.6761666666666667,
      "grade_avg": 0.6801666666666667,
      "reward_easy": 1.2535392453116494,
      "training_time_min": 5.9,
      "final_loss": 0.005008007232099772
    }
  },
  "ranking_top5": [
    {
      "file": "autoresearch_results.json",
      "name": "experiment_003",
      "lr": 0.001,
      "cvar_alpha": 0.5,
      "hidden_dim": 256,
      "grade_reward": true,
      "alert_penalty": 0.0,
      "real_action_bonus": 0.1,
      "gamma": 0.99,
      "n_quantiles": 51,
      "grade_easy": 0.8375666666666667,
      "grade_medium": 0.5267666666666667,
      "grade_hard": 0.6761666666666667,
      "grade_avg": 0.6801666666666667,
      "reward_easy": 1.2535392453116494,
      "training_time_min": 5.9,
      "final_loss": 0.005008007232099772
    },
    {
      "file": "autoresearch_results.json",
      "name": "experiment_009",
      "lr": 0.0003,
      "cvar_alpha": 0.05,
      "hidden_dim": 512,
      "grade_reward": true,
      "alert_penalty": 0.05,
      "real_action_bonus": 0.1,
      "gamma": 0.999,
      "n_quantiles": 51,
      "grade_easy": 0.8398333333333333,
      "grade_medium": 0.41100000000000003,
      "grade_hard": 0.6186333333333334,
      "grade_avg": 0.6231555555555556,
      "reward_easy": 1.248422304666099,
      "training_time_min": 5.8,
      "final_loss": 0.005013991070445627
    },
    {
      "file": "autoresearch_results.json",
      "name": "baseline_grade_reward",
      "lr": 0.0003,
      "cvar_alpha": 0.1,
      "hidden_dim": 256,
      "grade_reward": true,
      "alert_penalty": 0.01,
      "real_action_bonus": 0.02,
      "gamma": 0.99,
      "n_quantiles": 51,
      "grade_easy": 0.8506,
      "grade_medium": 0.31633333333333336,
      "grade_hard": 0.6634333333333333,
      "grade_avg": 0.6101222222222222,
      "reward_easy": 1.233440955340355,
      "training_time_min": 4.3,
      "final_loss": 0.004449817759450525
    },
    {
      "file": "autoresearch_results.json",
      "name": "experiment_007",
      "lr": 0.001,
      "cvar_alpha": 0.1,
      "hidden_dim": 128,
      "grade_reward": true,
      "alert_penalty": 0.05,
      "real_action_bonus": 0.02,
      "gamma": 0.999,
      "n_quantiles": 101,
      "grade_easy": 0.8445999999999999,
      "grade_medium": 0.3294333333333333,
      "grade_hard": 0.6060333333333333,
      "grade_avg": 0.5933555555555555,
      "reward_easy": 1.2948806682703424,
      "training_time_min": 6.0,
      "final_loss": 0.012281508222222327
    },
    {
      "file": "autoresearch_results.json",
      "name": "experiment_001",
      "lr": 0.0001,
      "cvar_alpha": 0.5,
      "hidden_dim": 256,
      "grade_reward": true,
      "alert_penalty": 0.01,
      "real_action_bonus": 0.02,
      "gamma": 0.999,
      "n_quantiles": 21,
      "grade_easy": 0.8460000000000001,
      "grade_medium": 0.3294333333333333,
      "grade_hard": 0.5808333333333333,
      "grade_avg": 0.5854222222222222,
      "reward_easy": 1.2430940041831071,
      "training_time_min": 5.7,
      "final_loss": 0.004116245238110423
    }
  ]
}