{
  "params": {
    "lr": 0.00035419426081085035,
    "conservative_weight": 1.5793326947349975,
    "batch_size": 256
  },
  "value": 0.37564632296562195,
  "n_trials": 12
}