{
  "Random_vs_Scripted_Alert": {
    "stat": 0.0,
    "p": 6.210993425425191e-19,
    "n": 79
  },
  "Random_vs_BC_v2": {
    "stat": 264134.0,
    "p": 0.0,
    "n": 10158
  },
  "Random_vs_CQL_v2": {
    "stat": 248797.5,
    "p": 0.0,
    "n": 10154
  },
  "Random_vs_IQL_v2": {
    "stat": 252025.0,
    "p": 0.0,
    "n": 10080
  },
  "Random_vs_TD3BC_v2": {
    "stat": 269478.5,
    "p": 0.0,
    "n": 10168
  },
  "Random_vs_Federated_v2": {
    "stat": 231308.0,
    "p": 0.0,
    "n": 8260
  },
  "Random_vs_BC_v1": {
    "stat": 91612.5,
    "p": 0.0,
    "n": 2442
  },
  "Random_vs_CQL_v1": {
    "stat": 72238.0,
    "p": 0.0,
    "n": 1900
  },
  "Scripted_Alert_vs_BC_v2": {
    "stat": 0.0,
    "p": 0.0,
    "n": 10133
  },
  "Scripted_Alert_vs_CQL_v2": {
    "stat": 0.0,
    "p": 0.0,
    "n": 10135
  },
  "Scripted_Alert_vs_IQL_v2": {
    "stat": 0.0,
    "p": 0.0,
    "n": 10059
  },
  "Scripted_Alert_vs_TD3BC_v2": {
    "stat": 0.0,
    "p": 0.0,
    "n": 10141
  },
  "Scripted_Alert_vs_Federated_v2": {
    "stat": 0.0,
    "p": 0.0,
    "n": 8227
  },
  "Scripted_Alert_vs_BC_v1": {
    "stat": 0.0,
    "p": 0.0,
    "n": 2371
  },
  "Scripted_Alert_vs_CQL_v1": {
    "stat": 0.0,
    "p": 0.0,
    "n": 1827
  },
  "BC_v2_vs_CQL_v2": {
    "stat": 244777.0,
    "p": 0.9493172601362125,
    "n": 990
  },
  "BC_v2_vs_IQL_v2": {
    "stat": 759596.5,
    "p": 0.07943595388171507,
    "n": 1780
  },
  "BC_v2_vs_TD3BC_v2": {
    "stat": 1716750.0,
    "p": 0.8758960579229409,
    "n": 2624
  },
  "BC_v2_vs_Federated_v2": {
    "stat": 6001477.5,
    "p": 6.205157276459244e-135,
    "n": 5944
  },
  "BC_v2_vs_BC_v1": {
    "stat": 3028635.0,
    "p": 0.0,
    "n": 9094
  },
  "BC_v2_vs_CQL_v1": {
    "stat": 8473097.5,
    "p": 0.0,
    "n": 11304
  },
  "CQL_v2_vs_IQL_v2": {
    "stat": 879942.5,
    "p": 0.08235695337840922,
    "n": 1914
  },
  "CQL_v2_vs_TD3BC_v2": {
    "stat": 1914761.0,
    "p": 0.909236437868624,
    "n": 2770
  },
  "CQL_v2_vs_Federated_v2": {
    "stat": 6357871.5,
    "p": 4.1859137774017094e-132,
    "n": 6086
  },
  "CQL_v2_vs_BC_v1": {
    "stat": 3102500.0,
    "p": 0.0,
    "n": 9124
  },
  "CQL_v2_vs_CQL_v1": {
    "stat": 8856488.0,
    "p": 0.0,
    "n": 11412
  },
  "IQL_v2_vs_TD3BC_v2": {
    "stat": 1970083.5,
    "p": 0.12440600445696935,
    "n": 2848
  },
  "IQL_v2_vs_Federated_v2": {
    "stat": 6197233.5,
    "p": 4.108770045367817e-124,
    "n": 5978
  },
  "IQL_v2_vs_BC_v1": {
    "stat": 2591257.5,
    "p": 0.0,
    "n": 8858
  },
  "IQL_v2_vs_CQL_v1": {
    "stat": 7516505.0,
    "p": 0.0,
    "n": 10972
  },
  "TD3BC_v2_vs_Federated_v2": {
    "stat": 6529498.5,
    "p": 1.954314461560687e-131,
    "n": 6156
  },
  "TD3BC_v2_vs_BC_v1": {
    "stat": 2948075.0,
    "p": 0.0,
    "n": 9070
  },
  "TD3BC_v2_vs_CQL_v1": {
    "stat": 7899066.5,
    "p": 0.0,
    "n": 11148
  },
  "Federated_v2_vs_BC_v1": {
    "stat": 5077284.5,
    "p": 0.0,
    "n": 8302
  },
  "Federated_v2_vs_CQL_v1": {
    "stat": 1585514.0,
    "p": 0.0,
    "n": 7272
  },
  "BC_v1_vs_CQL_v1": {
    "stat": 1263426.0,
    "p": 3.3495709456216725e-27,
    "n": 2536
  }
}